{
  "timestamp": "2025-07-28 16:21:35",
  "recipe_tests": {
    "1 item (port specific)": {
      "original": [
        -0.5228092670440674,
        1.8820641040802002,
        2.1414833068847656
      ],
      "optimized": [
        2.3574788570404053,
        1.5171597003936768,
        1.4125277996063232
      ],
      "improvement": 0.6621199159469053,
      "orig_avg": 1.1669127146402996,
      "opt_avg": 1.762388785680135
    },
    "3 items (mixed)": {
      "original": [
        2.0576131343841553,
        1.8765885829925537,
        1.8713243007659912
      ],
      "optimized": [
        1.5249621868133545,
        1.4443392753601074,
        1.5036399364471436
      ],
      "improvement": 1.2979213230768116,
      "orig_avg": 1.9351753393809001,
      "opt_avg": 1.4909804662068684
    }
  },
  "consistency_tests": {
    "common_item": "10001-FRA",
    "consistency_verified": true
  },
  "note": "Fixed payload format - items as dict, not list"
}